﻿review;sentiment
I don't even know where to start, because almost everything in this movie is bad. The plot is ridiculous even for a Russian comedy, the actors play their roles at the level of a performance in the 6B grade. The characters have changed little in comparison with the first part - they are still pathologically drunk, shameless. The heroes of this comedy without hesitation betray each other and create outrages and destruction around themselves. It seems that those people who prescribed the character of the characters in the film simply took the worst of the vices of the unfortunate Russian man in the street. How does a movie like this collect cash? The audience of such comedies fills cinema halls not for the sake of high-quality humor, good directorial work, or at least just normal acting, no. They come to look at themselves in order to feel this moment of irony: 'look, in the comedy there are the same half-drunk and boorish misanthropes. It's funny!' BUT, in this movie there is not and cannot be anything funny, this is not a comedy, this is reaching the bottom. I sincerely sympathize with the people who gave this 'movie' a rating above five stars.;0
Tarantino is an ambiguous person. In general, making a hit film with a cool plot and sharp, possibly sharp black humor is not an easy task. Tarantino can. Firstly, this is already the 3rd serious work of Quentin. After 'Reservoir Dogs' with a constellation of actors, 'Pulp Fiction' consists of the same, BUT: everything is more complicated and interesting here. The plot is not simple and banal. The plot is well done. Here's the trademark Tarantino's 'torn' narrative, jumping from one part to another, returning to the previous one - intriguing. You sit on pins and needles, after watching one episode first, then you want a sequel - but no. If there is something at the beginning of the film, it will be revealed only at the end. The humor in the film, though dark, is excellent. Sitting on pins and needles, laughing - this is what the viewer needs. The music in the film is, as always, in a Tarantino way. The music of the past years, the one that is still on the records that gather dust in the closet. Constellation of actors. All the actors chosen in the film correspond to their usual characters: - John Travolta, who constantly plays the bad guys. - Samuel L. Jackson, who plays the 'good bad' noble villains. - Bruce 'Die Hard' Willis, who is inherent in the role of a depressive, who is seriously fed up with life. - Харви Кейтель, хоть и немного времени был в фильме, но зато как сыграл... - Quentin Tarantino, director, screenwriter, who played the squeamish owner of the house, to whom a dead African American was brought. - A separate word about Uma Thurman. Uma Thurman looks different in all roles and situations, beautiful ... What, in general, to say about the film, this is only one thing: 10 out of 10;1
A wonderful story about how not to lose yourself, your loved ones and friends, even if unimaginable changes have taken place in your life. The protagonist Peter Parker lives with his uncle and aunt, is secretly in love with his neighbor, has simply amazing academic success and has decided on his future profession as a photographer. It seems that everything in life is in its place, but fate presents him with a gift in the form of an impudent spider that bites Peter on a school trip and changes his life forever. So he becomes a superhero who is always ready to help ordinary people in trouble. But not everything goes as well as we would like. The father of Peter's best friend - Gary Osborn, unsuccessfully conducts experiments on himself and unwittingly becomes the main enemy of Spider-Man! An unsolvable situation becomes before Peter: how to save the city from the Green Goblin and at the same time not harm the father of his best friend? The amazing performance of Tobey Maguire makes us believe in Peter: how to learn to control your feelings, how hard it is to lose loved ones, especially through your own fault, how difficult it is to make a choice between good and evil, duty and friendship, truth and lies. But our hero does not give up, because he believes in himself and in his strength, and knows what all the people who live in his hometown need. Movies based on superhero comics are my favorite. Now they include Spider-Man, a superhero who knows that 'the greater the power, the greater the responsibility'.;1
"Taika Waititi was relentless and threw in so much 'humor' that it feels like it's not a new MCU project, but someone's stand-up. It’s a pity that it’s unsuccessful, since there are practically no really funny and relevant jokes. If you disassemble the script, it looks more like an amateur essay than the work of a professional screenwriter. The movie features: Thor; Gorr; Guardians of the Galaxy; Jane; children of Asgard; Korg; screaming goats and even Zeus, and yet almost every one of them feels like a background character. Something is constantly happening on the screen, but all this bright and colorful action is devoid of any depth and meaning. There is drama, but it looks sluggish (especially against the backdrop of inappropriate and frequent puns). The action is not impressive and does not capture the spirit, because you do not have time to feel the antagonist. The result is a tattered, empty, and one of the worst films in the MCU.";0
No doubt, the movie is amazing. The story of the struggle between good and evil, love and hate and ... the Joker! I confess, having just watched the film, and even in the original, for some reason I came to the conclusion that Heath Ledger was not in the film at all - there was only the Joker! How did he get into this role? Phenomenal game, inimitable charisma and this voice... Emotions overflow and expectations were justified by 120%. As Christian Bale noted before the premiere in an interview: '... he stole the film from us, but I'm happy about it!' Now we are happy too. The priceless Australian 'nugget' has earned its immortality. And people are immortal as long as they are remembered. And Heath Ledger will be remembered for a long time... And finally, for those who have yet to watch, a little parting word: 'And here we go!';1
When the noise around this film began to rise, I immediately realized that the matter was unclean. In the end, I was persuaded to go to the cinema. And I was infinitely right - the film is sooo mediocre. It does not even have any pronounced problems, because only the acting and scenery are good there. The plot - well, ok, a film about a mentally ill person (which already automatically gives minus two rating points, because you need to shoot about them either well or not at all) who does the whole film incomprehensibly - loitering, dancing (oh my God) and laughing with the very laughter that the actor has been honing for decades. No one, even the director, understands what character they wanted to create and show the viewer - either the GG is completely brainless, then for some reason he starts to reason sensibly, then he generally starts to joke and speak almost with Kafka quotes, then he cannot connect two words and neighs like a horse . There is also a typical trick of a director who has bread in his head - when a character does something, but it turns out that it actually didn’t happen and the viewer was fed absolutely empty scenes (immediately minus five rating points) The scenes of the film themselves seem to be finished, but all of them are underdeveloped, many of them are simply not interesting to watch, the police clearly have an IQ of room temperature, the hero’s mother is generally cotton-wool, even Wayne is just a nobody, no character or emotions, just like in the best Russian films. Moreover, Wayne is somehow bad, but why - no one will answer us, it's just necessary. The mother of GG, the police and Wayne, along with the scenes dedicated to them, could simply be thrown out of the film and ABSOLUTELY nothing would have changed. There is no Joker in the film, there is a certain crazy Arthur who was offended one and a half times (it's not even funny, it's just a facepalm). And his whole rebellion against the system of the level of a 12-year-old schoolboy, whom his mother did not give money for Snickers, and his classmates called him a fool. It looks prohibitively cheap, especially considering what level of character the filmmakers have encroached on. And what are the riots that are essentially initiated by nothing.;0
"Dr. King Schultz (Christoph Waltz), a polite German with a revolver and a bounty hunter, takes a black slave named Django (Jamie Foxx) as his partners - more fun together. Together they work fruitfully, so much so that Django buys himself decent clothes and thinks about how to find a wife with whom fate and a vile planter separated him - Mr. Candy (Leonardo DiCaprio) ... If Tarantino's previous film is ""Inglourious Basterds"" - was similar to ""Hitler Kaput"", then ""Django"" looks a lot like ""The Man from the Boulevard des Capuchins"". Minus - songs, plus - signature Tarantino violence. This seems to be the first Tarantino film, after which you do not experience catharsis. None at all. If ""Inglourious Basterds"" was a step backwards, then ""Django"" is a jump over oneself into an abyss. At the same time, surprisingly, the director's wit is in place. Quentin can still deliver rousing dialogue for a few minutes (see KKK controversy). And he's good with rhythm. In terms of tempo, his ""Django"" is in no way inferior to ""Django"" by Sergio Corbucci with Franco Nero, on whose events it is based. But all these virtues seem to be only the remnants of the former greatness. Once upon a time, a person knew how to tell stories, after watching which they wanted to cry. And now I want to cry because he finally turned these stories into a not funny anecdote.";0
One of the most beloved Tarantino films, including, of course, because of the magnificent Uma Thurman. This story teaches us that one must kill one's enemies to the end, especially dangerous enemies. Having recovered from her most serious injuries, the heroine of Uma, known as the Black Mamba, sets off to take revenge on her offenders - and it is unlikely that anyone will turn their tongues to condemn her, knowing that she has lost. The film cannot be called intellectual or plot twisted, but despite the fact that we know the goal of the heroine and we know her means, it is amazingly interesting to watch the film, because it is done in style, beautifully and tastefully. The main feature of the film is the very beautifully filmed fighting moments. Uma Thurman, tall and leggy, looks chic with any type of weapon, and her stern profile and no less severe face leave no chance for enemies to escape. In a word, she is absolutely magnificent, no one would have played better than her in this film. Which once again suggests that Tarantino knows how to select actors. And the movie is just as great as the main character. A well-chosen soundtrack, excellent camera work and a great mood - after watching for a while you feel invincible.;1
Watched on the recommendation of friends - they liked it, I - not so much. When viewing, even there was a regret that I took my daughter to the cinema. Not the right thing for children at the age of eight. And for adults, the cartoon does not stand out in any way. The most interesting hero is the horse, he showed himself in all its glory. Yes, Rapunzel's hair is well-designed, but the meaning is still more important to me, and not how much effort it took to create the picture. Nothing else special, the images are too smooth and standard, the girl dancing in the tavern did not please, but unpleasantly surprised - such behavior is not according to her age and not according to her status. Was it the witch's influence or the long sitting alone? And in general - is love for a robber an example for little spectators? And he is all at once cultivated under her influence? Doesn't convince. Many viewers apparently mistook the increased aggressiveness of the heroine for a manifestation of character. Somehow it should manifest itself differently in children's films, without the help of frying pans.;0
It’s strange to me that the reviews about such a masterpiece are so cold ... It seems that a 'VK' critics forum has been opened here ... The film is striking in its scale, beauty and depth of images and the world itself - I still wonder how one person could create a whole world, a whole era with its myths, heroes, geography, chronology, past, present and future! Tolkien's genius is perfectly transferred to the big screen and the film adaptation of the novel just tears you to pieces! When you watch a film, you find yourself in a fairy tale... and not a kind and instructive one, but a realistic and tough one, where such eternal values ​​as honor, dignity, courage, and duty are held high. And the music of the film is a separate conversation! The musical theme of the film is beyond praise - well, how can elven ballads or heroic motives against the backdrop of battle scenes not touch the heart! Undoubtedly, every Oscar out of 11 received is deservedly taken!;1
